created_at,id,id_str,full_text,truncated,display_text_range/0,display_text_range/1,entities/hashtags/0/text,entities/hashtags/0/indices/0,entities/hashtags/0/indices/1,entities/hashtags/1/text,entities/hashtags/1/indices/0,entities/hashtags/1/indices/1,entities/hashtags/2/text,entities/hashtags/2/indices/0,entities/hashtags/2/indices/1,entities/hashtags/3/text,entities/hashtags/3/indices/0,entities/hashtags/3/indices/1,entities/hashtags/4/text,entities/hashtags/4/indices/0,entities/hashtags/4/indices/1,entities/hashtags/5/text,entities/hashtags/5/indices/0,entities/hashtags/5/indices/1,entities/hashtags/6/text,entities/hashtags/6/indices/0,entities/hashtags/6/indices/1,entities/hashtags/7/text,entities/hashtags/7/indices/0,entities/hashtags/7/indices/1,entities/hashtags/8/text,entities/hashtags/8/indices/0,entities/hashtags/8/indices/1,entities/hashtags/9/text,entities/hashtags/9/indices/0,entities/hashtags/9/indices/1,entities/hashtags/10/text,entities/hashtags/10/indices/0,entities/hashtags/10/indices/1,entities/hashtags/11/text,entities/hashtags/11/indices/0,entities/hashtags/11/indices/1,entities/hashtags/12/text,entities/hashtags/12/indices/0,entities/hashtags/12/indices/1,entities/hashtags/13/text,entities/hashtags/13/indices/0,entities/hashtags/13/indices/1,entities/hashtags/14/text,entities/hashtags/14/indices/0,entities/hashtags/14/indices/1,entities/hashtags/15/text,entities/hashtags/15/indices/0,entities/hashtags/15/indices/1,entities/hashtags/16/text,entities/hashtags/16/indices/0,entities/hashtags/16/indices/1,entities/hashtags/17/text,entities/hashtags/17/indices/0,entities/hashtags/17/indices/1,entities/media/0/id,entities/media/0/id_str,entities/media/0/indices/0,entities/media/0/indices/1,entities/media/0/media_url,entities/media/0/media_url_https,entities/media/0/url,entities/media/0/display_url,entities/media/0/expanded_url,entities/media/0/type,entities/media/0/sizes/small/w,entities/media/0/sizes/small/h,entities/media/0/sizes/small/resize,entities/media/0/sizes/thumb/w,entities/media/0/sizes/thumb/h,entities/media/0/sizes/thumb/resize,entities/media/0/sizes/medium/w,entities/media/0/sizes/medium/h,entities/media/0/sizes/medium/resize,entities/media/0/sizes/large/w,entities/media/0/sizes/large/h,entities/media/0/sizes/large/resize,extended_entities/media/0/id,extended_entities/media/0/id_str,extended_entities/media/0/indices/0,extended_entities/media/0/indices/1,extended_entities/media/0/media_url,extended_entities/media/0/media_url_https,extended_entities/media/0/url,extended_entities/media/0/display_url,extended_entities/media/0/expanded_url,extended_entities/media/0/type,extended_entities/media/0/sizes/small/w,extended_entities/media/0/sizes/small/h,extended_entities/media/0/sizes/small/resize,extended_entities/media/0/sizes/thumb/w,extended_entities/media/0/sizes/thumb/h,extended_entities/media/0/sizes/thumb/resize,extended_entities/media/0/sizes/medium/w,extended_entities/media/0/sizes/medium/h,extended_entities/media/0/sizes/medium/resize,extended_entities/media/0/sizes/large/w,extended_entities/media/0/sizes/large/h,extended_entities/media/0/sizes/large/resize,extended_entities/media/0/ext_alt_text,source,in_reply_to_status_id,in_reply_to_status_id_str,in_reply_to_user_id,in_reply_to_user_id_str,in_reply_to_screen_name,user/id,user/id_str,user/name,user/screen_name,user/location,user/description,user/url,user/protected,user/followers_count,user/friends_count,user/listed_count,user/created_at,user/favourites_count,user/utc_offset,user/time_zone,user/geo_enabled,user/verified,user/statuses_count,user/lang,user/contributors_enabled,user/is_translator,user/is_translation_enabled,user/profile_background_color,user/profile_background_image_url,user/profile_background_image_url_https,user/profile_background_tile,user/profile_image_url,user/profile_image_url_https,user/profile_banner_url,user/profile_image_extensions_alt_text,user/profile_banner_extensions_alt_text,user/profile_link_color,user/profile_sidebar_border_color,user/profile_sidebar_fill_color,user/profile_text_color,user/profile_use_background_image,user/has_extended_profile,user/default_profile,user/default_profile_image,user/following,user/follow_request_sent,user/notifications,user/translator_type,geo,coordinates,place,contributors,is_quote_status,retweet_count,favorite_count,favorited,retweeted,possibly_sensitive,lang,user/entities/url/urls/0/url,user/entities/url/urls/0/expanded_url,user/entities/url/urls/0/display_url,user/entities/url/urls/0/indices/0,user/entities/url/urls/0/indices/1,entities/user_mentions/0/screen_name,entities/user_mentions/0/name,entities/user_mentions/0/id,entities/user_mentions/0/id_str,entities/user_mentions/0/indices/0,entities/user_mentions/0/indices/1,entities/user_mentions/1/screen_name,entities/user_mentions/1/name,entities/user_mentions/1/id,entities/user_mentions/1/id_str,entities/user_mentions/1/indices/0,entities/user_mentions/1/indices/1,extended_entities/media/0/video_info/aspect_ratio/0,extended_entities/media/0/video_info/aspect_ratio/1,extended_entities/media/0/video_info/duration_millis,extended_entities/media/0/video_info/variants/0/bitrate,extended_entities/media/0/video_info/variants/0/content_type,extended_entities/media/0/video_info/variants/0/url,extended_entities/media/0/video_info/variants/1/bitrate,extended_entities/media/0/video_info/variants/1/content_type,extended_entities/media/0/video_info/variants/1/url,extended_entities/media/0/video_info/variants/2/content_type,extended_entities/media/0/video_info/variants/2/url,extended_entities/media/0/video_info/variants/3/bitrate,extended_entities/media/0/video_info/variants/3/content_type,extended_entities/media/0/video_info/variants/3/url,extended_entities/media/0/additional_media_info/monetizable,retweeted_status/created_at,retweeted_status/id,retweeted_status/id_str,retweeted_status/full_text,retweeted_status/truncated,retweeted_status/display_text_range/0,retweeted_status/display_text_range/1,retweeted_status/source,retweeted_status/in_reply_to_status_id,retweeted_status/in_reply_to_status_id_str,retweeted_status/in_reply_to_user_id,retweeted_status/in_reply_to_user_id_str,retweeted_status/in_reply_to_screen_name,retweeted_status/user/id,retweeted_status/user/id_str,retweeted_status/user/name,retweeted_status/user/screen_name,retweeted_status/user/location,retweeted_status/user/description,retweeted_status/user/url,retweeted_status/user/entities/url/urls/0/url,retweeted_status/user/entities/url/urls/0/expanded_url,retweeted_status/user/entities/url/urls/0/display_url,retweeted_status/user/entities/url/urls/0/indices/0,retweeted_status/user/entities/url/urls/0/indices/1,retweeted_status/user/protected,retweeted_status/user/followers_count,retweeted_status/user/friends_count,retweeted_status/user/listed_count,retweeted_status/user/created_at,retweeted_status/user/favourites_count,retweeted_status/user/utc_offset,retweeted_status/user/time_zone,retweeted_status/user/geo_enabled,retweeted_status/user/verified,retweeted_status/user/statuses_count,retweeted_status/user/lang,retweeted_status/user/contributors_enabled,retweeted_status/user/is_translator,retweeted_status/user/is_translation_enabled,retweeted_status/user/profile_background_color,retweeted_status/user/profile_background_image_url,retweeted_status/user/profile_background_image_url_https,retweeted_status/user/profile_background_tile,retweeted_status/user/profile_image_url,retweeted_status/user/profile_image_url_https,retweeted_status/user/profile_banner_url,retweeted_status/user/profile_image_extensions_alt_text,retweeted_status/user/profile_banner_extensions_alt_text,retweeted_status/user/profile_link_color,retweeted_status/user/profile_sidebar_border_color,retweeted_status/user/profile_sidebar_fill_color,retweeted_status/user/profile_text_color,retweeted_status/user/profile_use_background_image,retweeted_status/user/has_extended_profile,retweeted_status/user/default_profile,retweeted_status/user/default_profile_image,retweeted_status/user/following,retweeted_status/user/follow_request_sent,retweeted_status/user/notifications,retweeted_status/user/translator_type,retweeted_status/geo,retweeted_status/coordinates,retweeted_status/place,retweeted_status/contributors,retweeted_status/is_quote_status,retweeted_status/retweet_count,retweeted_status/favorite_count,retweeted_status/favorited,retweeted_status/retweeted,retweeted_status/lang,entities/urls/0/url,entities/urls/0/expanded_url,entities/urls/0/display_url,entities/urls/0/indices/0,entities/urls/0/indices/1,entities/urls/1/url,entities/urls/1/expanded_url,entities/urls/1/display_url,entities/urls/1/indices/0,entities/urls/1/indices/1,quoted_status_id,quoted_status_id_str,quoted_status_permalink/url,quoted_status_permalink/expanded,quoted_status_permalink/display,retweeted_status/entities/hashtags/0/text,retweeted_status/entities/hashtags/0/indices/0,retweeted_status/entities/hashtags/0/indices/1,retweeted_status/entities/hashtags/1/text,retweeted_status/entities/hashtags/1/indices/0,retweeted_status/entities/hashtags/1/indices/1,retweeted_status/entities/hashtags/2/text,retweeted_status/entities/hashtags/2/indices/0,retweeted_status/entities/hashtags/2/indices/1,retweeted_status/entities/hashtags/3/text,retweeted_status/entities/hashtags/3/indices/0,retweeted_status/entities/hashtags/3/indices/1,retweeted_status/entities/urls/0/url,retweeted_status/entities/urls/0/expanded_url,retweeted_status/entities/urls/0/display_url,retweeted_status/entities/urls/0/indices/0,retweeted_status/entities/urls/0/indices/1,retweeted_status/entities/urls/1/url,retweeted_status/entities/urls/1/expanded_url,retweeted_status/entities/urls/1/display_url,retweeted_status/entities/urls/1/indices/0,retweeted_status/entities/urls/1/indices/1,retweeted_status/quoted_status_id,retweeted_status/quoted_status_id_str,retweeted_status/quoted_status_permalink/url,retweeted_status/quoted_status_permalink/expanded,retweeted_status/quoted_status_permalink/display,retweeted_status/possibly_sensitive
Mon Oct 19 06:00:22 +0000 2020,1318069458053795800,1318069458053795840,"#GeorgeOrwell put today's times better then anyone else I can think of.

#Masks #virusagenda #VaccineAgenda #Agenda21 #TheGreatReset #COVID19 #coronavirus #COVID1984 #freedom #Dystopia #tyranny #truth #SocialDistancing #socialengineering #MindControl #MSM #vaccine https://t.co/P3kp4Zfomg",false,0,264,GeorgeOrwell,0,13,Masks,73,79,virusagenda,80,92,VaccineAgenda,93,107,Agenda21,108,117,TheGreatReset,118,132,COVID19,133,141,coronavirus,142,154,COVID1984,155,165,freedom,166,174,Dystopia,175,184,tyranny,185,193,truth,194,200,SocialDistancing,201,218,socialengineering,219,237,MindControl,238,250,MSM,251,255,vaccine,256,264,1318069456640315400,1318069456640315397,265,288,http://pbs.twimg.com/media/Ekq5L_hWkAUpGOC.jpg,https://pbs.twimg.com/media/Ekq5L_hWkAUpGOC.jpg,https://t.co/P3kp4Zfomg,pic.twitter.com/P3kp4Zfomg,https://twitter.com/careisthekey/status/1318069458053795840/photo/1,photo,235,264,fit,150,150,crop,235,264,fit,235,264,fit,1318069456640315400,1318069456640315397,265,288,http://pbs.twimg.com/media/Ekq5L_hWkAUpGOC.jpg,https://pbs.twimg.com/media/Ekq5L_hWkAUpGOC.jpg,https://t.co/P3kp4Zfomg,pic.twitter.com/P3kp4Zfomg,https://twitter.com/careisthekey/status/1318069458053795840/photo/1,photo,235,264,fit,150,150,crop,235,264,fit,235,264,fit,,"<a href=""http://twitter.com/download/android"" rel=""nofollow"">Twitter for Android</a>",,,,,,386984321,386984321,No To Dystopia,careisthekey,"London, England",Too many people take on information that is given to them at face value. If we cared more to look into things life will be better for all of us.,,false,1189,1084,5,Sat Oct 08 08:06:48 +0000 2011,12067,,,true,false,10699,,false,false,false,C0DEED,http://abs.twimg.com/images/themes/theme1/bg.png,https://abs.twimg.com/images/themes/theme1/bg.png,false,http://pbs.twimg.com/profile_images/1322252004069171202/fFvBE-K6_normal.jpg,https://pbs.twimg.com/profile_images/1322252004069171202/fFvBE-K6_normal.jpg,https://pbs.twimg.com/profile_banners/386984321/1594479712,,,1DA1F2,C0DEED,DDEEF6,333333,true,false,true,false,false,false,false,none,,,,,false,1,0,false,false,false,en,,,,,,,,,,,,,,,,,,,,,,,,,,,,,,,,,,,,,,,,,,,,,,,,,,,,,,,,,,,,,,,,,,,,,,,,,,,,,,,,,,,,,,,,,,,,,,,,,,,,,,,,,,,,,,,,,,,,,,,,,,,,,,,,,,,,,,,,,,,,,,,,,,
Mon Oct 19 06:02:31 +0000 2020,1318069999752237000,1318069999752237061,Everyone that believes in eugenics and depopulation should full send and kill themselves for their cause. Talk the talk but won't walk the walk.,false,0,144,,,,,,,,,,,,,,,,,,,,,,,,,,,,,,,,,,,,,,,,,,,,,,,,,,,,,,,,,,,,,,,,,,,,,,,,,,,,,,,,,,,,,,,,,,,,,,,,,,,,"<a href=""http://twitter.com/download/android"" rel=""nofollow"">Twitter for Android</a>",,,,,,1104199453597024300,1104199453597024256,ornata,Ornatamusic,salt lake city,"fuck midi
#dropouts",https://t.co/IoIV5KOuWI,false,1013,720,7,Sat Mar 09 01:57:19 +0000 2019,7429,,,false,false,7745,,false,false,false,F5F8FA,,,false,http://pbs.twimg.com/profile_images/1441941958943903746/Sm1uQfJU_normal.jpg,https://pbs.twimg.com/profile_images/1441941958943903746/Sm1uQfJU_normal.jpg,https://pbs.twimg.com/profile_banners/1104199453597024256/1613848087,,,1DA1F2,C0DEED,DDEEF6,333333,true,false,true,false,false,false,false,none,,,,,false,1,2,false,false,,en,https://t.co/IoIV5KOuWI,https://flow.page/ornata,flow.page/ornata,0,23,,,,,,,,,,,,,,,,,,,,,,,,,,,,,,,,,,,,,,,,,,,,,,,,,,,,,,,,,,,,,,,,,,,,,,,,,,,,,,,,,,,,,,,,,,,,,,,,,,,,,,,,,,,,,,,,,,,,,,,,,,,,,,,,,,,,,,,,,,,,,
Mon Oct 19 06:06:42 +0000 2020,1318071052359004200,1318071052359004165,"@realDonaldTrump @BreitbartNews Someone debunk this for me please I AM A TRUMP SUPPORTER but saw this and am devastated. Regenoron-Sanofi-B&amp;M Gates F link?
#IDONOTCONSENT to having anything injected into my body that has anything to do with the PURE EVIL GLOBAL TAKEOVER DEPOPULATION PLAN of the Gates Foundation https://t.co/GXSCOynTDQ",false,32,316,IDONOTCONSENT,160,174,,,,,,,,,,,,,,,,,,,,,,,,,,,,,,,,,,,,,,,,,,,,,,,,,,,,1318070920074776600,1318070920074776576,317,340,http://pbs.twimg.com/ext_tw_video_thumb/1318070920074776576/pu/img/p6EA65IV-axEsjA2.jpg,https://pbs.twimg.com/ext_tw_video_thumb/1318070920074776576/pu/img/p6EA65IV-axEsjA2.jpg,https://t.co/GXSCOynTDQ,pic.twitter.com/GXSCOynTDQ,https://twitter.com/Hydeesats/status/1318071052359004165/video/1,photo,680,383,fit,150,150,crop,852,480,fit,852,480,fit,1318070920074776600,1318070920074776576,317,340,http://pbs.twimg.com/ext_tw_video_thumb/1318070920074776576/pu/img/p6EA65IV-axEsjA2.jpg,https://pbs.twimg.com/ext_tw_video_thumb/1318070920074776576/pu/img/p6EA65IV-axEsjA2.jpg,https://t.co/GXSCOynTDQ,pic.twitter.com/GXSCOynTDQ,https://twitter.com/Hydeesats/status/1318071052359004165/video/1,video,680,383,fit,150,150,crop,852,480,fit,852,480,fit,,"<a href=""http://twitter.com/download/iphone"" rel=""nofollow"">Twitter for iPhone</a>",1318059150174138400,1318059150174138368,25073877,25073877,realDonaldTrump,294456743,294456743,Hydee Liz,Hydeesats,,,,false,5,60,0,Sat May 07 05:41:57 +0000 2011,133,,,false,false,92,,false,false,false,C0DEED,http://abs.twimg.com/images/themes/theme1/bg.png,https://abs.twimg.com/images/themes/theme1/bg.png,false,http://pbs.twimg.com/profile_images/1317947779604381701/ohxbNSiz_normal.jpg,https://pbs.twimg.com/profile_images/1317947779604381701/ohxbNSiz_normal.jpg,,,,1DA1F2,C0DEED,DDEEF6,333333,true,false,true,false,false,false,false,none,,,,,false,0,0,false,false,false,en,,,,,,realDonaldTrump,Donald J. Trump,25073877,25073877,0,16,BreitbartNews,Breitbart News,457984599,457984599,17,31,71,40,88233,256000,video/mp4,https://video.twimg.com/ext_tw_video/1318070920074776576/pu/vid/478x270/kDe5xgwh0sx45atP.mp4?tag=10,2176000,video/mp4,https://video.twimg.com/ext_tw_video/1318070920074776576/pu/vid/852x480/emW03M7B_rUW3wVq.mp4?tag=10,application/x-mpegURL,https://video.twimg.com/ext_tw_video/1318070920074776576/pu/pl/3RyVrxdbHDYy_A_8.m3u8?tag=10,832000,video/mp4,https://video.twimg.com/ext_tw_video/1318070920074776576/pu/vid/638x360/9YTOSuQEmUIs6Mc7.mp4?tag=10,false,,,,,,,,,,,,,,,,,,,,,,,,,,,,,,,,,,,,,,,,,,,,,,,,,,,,,,,,,,,,,,,,,,,,,,,,,,,,,,,,,,,,,,,,,,,,,,,,,,,,,,,,,,,,,,,,,,
Mon Oct 19 06:06:53 +0000 2020,1318071099163172900,1318071099163172864,@BillGates you are so full of shit those vaccines are going to kill and you know it. All part of your depopulation plan who the hell made you god üò†,false,0,147,,,,,,,,,,,,,,,,,,,,,,,,,,,,,,,,,,,,,,,,,,,,,,,,,,,,,,,,,,,,,,,,,,,,,,,,,,,,,,,,,,,,,,,,,,,,,,,,,,,,"<a href=""http://twitter.com/download/android"" rel=""nofollow"">Twitter for Android</a>",,,50393960,50393960,BillGates,1318019704825417700,1318019704825417731,Janelle Carrington,JanelleCarring4,,spontaneous love a man who can ride and take me with him. single ‚ù§Ô∏è,,false,0,17,0,Mon Oct 19 02:43:02 +0000 2020,0,,,false,false,6,,false,false,false,F5F8FA,,,false,http://pbs.twimg.com/profile_images/1318024241208467456/j4nWdA01_normal.jpg,https://pbs.twimg.com/profile_images/1318024241208467456/j4nWdA01_normal.jpg,,,,1DA1F2,C0DEED,DDEEF6,333333,true,true,true,false,false,false,false,none,,,,,false,0,0,false,false,,en,,,,,,BillGates,Bill Gates,50393960,50393960,0,10,,,,,,,,,,,,,,,,,,,,,,,,,,,,,,,,,,,,,,,,,,,,,,,,,,,,,,,,,,,,,,,,,,,,,,,,,,,,,,,,,,,,,,,,,,,,,,,,,,,,,,,,,,,,,,,,,,,,,,,,,,,,,,,,,,,,,,,
Mon Oct 19 06:08:49 +0000 2020,1318071586814070800,1318071586814070785,RT @Ornatamusic: Everyone that believes in eugenics and depopulation should full send and kill themselves for their cause. Talk the talk bu‚Ä¶,false,0,140,,,,,,,,,,,,,,,,,,,,,,,,,,,,,,,,,,,,,,,,,,,,,,,,,,,,,,,,,,,,,,,,,,,,,,,,,,,,,,,,,,,,,,,,,,,,,,,,,,,,"<a href=""http://twitter.com/download/iphone"" rel=""nofollow"">Twitter for iPhone</a>",,,,,,979737421360386000,979737421360386048,gone fishin,YTexas2,travelin,going nowhere fast üöê #vanlife ‚ôâÔ∏è real estate investor üèò Jewish he/himü§ìCOST SEG NERD @bellawanders420üíó,,false,3831,4830,2,Fri Mar 30 15:09:38 +0000 2018,82825,,,true,false,45783,,false,false,false,F5F8FA,,,false,http://pbs.twimg.com/profile_images/1365007144840552456/ovb3_muo_normal.jpg,https://pbs.twimg.com/profile_images/1365007144840552456/ovb3_muo_normal.jpg,https://pbs.twimg.com/profile_banners/979737421360386048/1612221093,,,1DA1F2,C0DEED,DDEEF6,333333,true,true,true,false,false,false,false,none,,,,,false,1,0,false,false,,en,,,,,,Ornatamusic,ornata,1104199453597024300,1104199453597024256,3,15,,,,,,,,,,,,,,,,,,,,,,Mon Oct 19 06:02:31 +0000 2020,1318069999752237000,1318069999752237061,Everyone that believes in eugenics and depopulation should full send and kill themselves for their cause. Talk the talk but won't walk the walk.,false,0,144,"<a href=""http://twitter.com/download/android"" rel=""nofollow"">Twitter for Android</a>",,,,,,1104199453597024300,1104199453597024256,ornata,Ornatamusic,salt lake city,"fuck midi
#dropouts",https://t.co/IoIV5KOuWI,https://t.co/IoIV5KOuWI,https://flow.page/ornata,flow.page/ornata,0,23,false,1013,720,7,Sat Mar 09 01:57:19 +0000 2019,7429,,,false,false,7745,,false,false,false,F5F8FA,,,false,http://pbs.twimg.com/profile_images/1441941958943903746/Sm1uQfJU_normal.jpg,https://pbs.twimg.com/profile_images/1441941958943903746/Sm1uQfJU_normal.jpg,https://pbs.twimg.com/profile_banners/1104199453597024256/1613848087,,,1DA1F2,C0DEED,DDEEF6,333333,true,false,true,false,false,false,false,none,,,,,false,1,2,false,false,en,,,,,,,,,,,,,,,,,,,,,,,,,,,,,,,,,,,,,,,,,,,
Mon Oct 19 06:23:01 +0000 2020,1318075162206625800,1318075162206625794,"Actually, I don‚Äôt think ‚Äúworldwide news‚Äù will say a word about this. I‚Äôm surprised Jack hasn't shut this down already!
World Doctors Alliance - https://t.co/TVz0u05zeo - the truth and hopefully the light to end this #scamdemic2020 
#COVID19 #PlandemicHoax #BillGatesBioTerrorist # https://t.co/x526er1WGP",false,0,280,scamdemic2020,216,230,COVID19,232,240,PlandemicHoax,241,255,BillGatesBioTerrorist,256,278,,,,,,,,,,,,,,,,,,,,,,,,,,,,,,,,,,,,,,,,,,,,,,,,,,,,,,,,,,,,,,,,,,,,,,,,,,,,,,,,,,,,,,,,"<a href=""https://mobile.twitter.com"" rel=""nofollow"">Twitter Web App</a>",,,,,,1247150154920145000,1247150154920144906,Tasha,RandomTasha,,"Sometimes I sit and think, and sometimes I just sit. 
I don‚Äôt want you to think like me - I just want you to think!",,false,144,217,0,Mon Apr 06 13:12:46 +0000 2020,4776,,,false,false,3104,,false,false,false,F5F8FA,,,false,http://pbs.twimg.com/profile_images/1247158178661318670/00qSbB2t_normal.jpg,https://pbs.twimg.com/profile_images/1247158178661318670/00qSbB2t_normal.jpg,https://pbs.twimg.com/profile_banners/1247150154920144906/1589720162,,,1DA1F2,C0DEED,DDEEF6,333333,true,false,true,false,false,false,false,none,,,,,true,3,2,false,false,false,en,,,,,,,,,,,,,,,,,,,,,,,,,,,,,,,,,,,,,,,,,,,,,,,,,,,,,,,,,,,,,,,,,,,,,,,,,,,,,,,,,,,,,,,,,,,,,,,,,,,,,,,,https://t.co/TVz0u05zeo,http://acu2020.org,acu2020.org,144,167,https://t.co/x526er1WGP,https://twitter.com/EatlovePray11/status/1316778274983419904,twitter.com/EatlovePray11/‚Ä¶,281,304,1316778274983420000,1316778274983419904,https://t.co/x526er1WGP,https://twitter.com/EatlovePray11/status/1316778274983419904,twitter.com/EatlovePray11/‚Ä¶,,,,,,,,,,,,,,,,,,,,,,,,,,,,
Mon Oct 19 06:24:52 +0000 2020,1318075626469826600,1318075626469826560,üí•üí•üí•üí•üí•üëáüëáüëáüëáüëáüò†üò†üò†üò†üò†üò†üò†üò†üò†üò†üõëüõëüõëüõëüõëüõëüõëüõëüõëüõë https://t.co/a9n5zKLCYe,false,0,30,,,,,,,,,,,,,,,,,,,,,,,,,,,,,,,,,,,,,,,,,,,,,,,,,,,,,,,,,,,,,,,,,,,,,,,,,,,,,,,,,,,,,,,,,,,,,,,,,,,,"<a href=""https://mobile.twitter.com"" rel=""nofollow"">Twitter Web App</a>",,,,,,704061400960933900,704061400960933889,AnicaBudimir,AnicaBudimir,"Scottsdale,AZ","Expose Satanistsüëà  Sociopathy,Cloning, Murders,4-7GüíÄ Global Agendas,Paediphilia, Organ Harvesting, Cannibalisim. Insanity unimagined!üö´Gross Evil ‚úùüá∫üá∏üá∑üá∏üïØ",,false,950,1257,10,Sun Feb 28 21:51:33 +0000 2016,9910,,,false,false,107755,,false,false,false,000000,http://abs.twimg.com/images/themes/theme1/bg.png,https://abs.twimg.com/images/themes/theme1/bg.png,false,http://pbs.twimg.com/profile_images/1014425477178519553/RL2aOhHl_normal.jpg,https://pbs.twimg.com/profile_images/1014425477178519553/RL2aOhHl_normal.jpg,https://pbs.twimg.com/profile_banners/704061400960933889/1479598768,,,FF691F,000000,000000,000000,false,true,false,false,false,false,false,none,,,,,true,0,0,false,false,false,und,,,,,,,,,,,,,,,,,,,,,,,,,,,,,,,,,,,,,,,,,,,,,,,,,,,,,,,,,,,,,,,,,,,,,,,,,,,,,,,,,,,,,,,,,,,,,,,,,,,,,,,,https://t.co/a9n5zKLCYe,https://twitter.com/LotusOak2/status/1317886251735961602,twitter.com/LotusOak2/stat‚Ä¶,31,54,,,,,,1317886251735961600,1317886251735961602,https://t.co/a9n5zKLCYe,https://twitter.com/LotusOak2/status/1317886251735961602,twitter.com/LotusOak2/stat‚Ä¶,,,,,,,,,,,,,,,,,,,,,,,,,,,,
Mon Oct 19 06:29:10 +0000 2020,1318076708084281300,1318076708084281344,@Yeshua_pro_vida It's not. Agenda 21-30 is now in effect. Depopulation and enslavement of humanity by way of the Mark of the Beast is happening.,false,17,144,,,,,,,,,,,,,,,,,,,,,,,,,,,,,,,,,,,,,,,,,,,,,,,,,,,,,,,,,,,,,,,,,,,,,,,,,,,,,,,,,,,,,,,,,,,,,,,,,,,,"<a href=""http://twitter.com/download/android"" rel=""nofollow"">Twitter for Android</a>",1318058812687839200,1318058812687839232,1313137562525986800,1313137562525986816,Yeshua_pro_vida,1155637348819804200,1155637348819804161,Jason Trenner,JasonTrenner,"Bellingham, WA",ALL GLORY TO THE LORD JESUS CHRIST FOREVER AND EVERüî•üî•üî•üî•üî•üî•üî•,,false,169,222,0,Mon Jul 29 00:33:09 +0000 2019,203,,,false,false,1525,,false,false,false,F5F8FA,,,false,http://pbs.twimg.com/profile_images/1159117732903653376/RmfFPTkg_normal.jpg,https://pbs.twimg.com/profile_images/1159117732903653376/RmfFPTkg_normal.jpg,https://pbs.twimg.com/profile_banners/1155637348819804161/1564361058,,,1DA1F2,C0DEED,DDEEF6,333333,true,true,true,false,false,false,false,none,,,,,false,0,1,false,false,,en,,,,,,Yeshua_pro_vida,üå∏ LIZZIE üå∏,1313137562525986800,1313137562525986816,0,16,,,,,,,,,,,,,,,,,,,,,,,,,,,,,,,,,,,,,,,,,,,,,,,,,,,,,,,,,,,,,,,,,,,,,,,,,,,,,,,,,,,,,,,,,,,,,,,,,,,,,,,,,,,,,,,,,,,,,,,,,,,,,,,,,,,,,,,
Mon Oct 19 06:29:42 +0000 2020,1318076841643528200,1318076841643528192,REAL DOCTORS are speaking out? Where does THAT leave fakers like UofW's Jeffrey Duchin of the Washington Global Health Alliance in partnership with Bill Melinda Gates Foundation PUSHING the CoVid SCAMDEMIC? https://t.co/ClP4ZJB75C,false,0,206,,,,,,,,,,,,,,,,,,,,,,,,,,,,,,,,,,,,,,,,,,,,,,,,,,,,,,,,,,,,,,,,,,,,,,,,,,,,,,,,,,,,,,,,,,,,,,,,,,,,"<a href=""https://mobile.twitter.com"" rel=""nofollow"">Twitter Web App</a>",,,,,,1873947402,1873947402,CCW Coalition,CCWCoalition,,,,false,39,53,0,Tue Sep 17 03:38:13 +0000 2013,1640,,,false,false,2093,,false,false,false,C0DEED,http://abs.twimg.com/images/themes/theme1/bg.png,https://abs.twimg.com/images/themes/theme1/bg.png,false,http://pbs.twimg.com/profile_images/1039665819527987200/ZICzI3qI_normal.jpg,https://pbs.twimg.com/profile_images/1039665819527987200/ZICzI3qI_normal.jpg,https://pbs.twimg.com/profile_banners/1873947402/1536709161,,,1DA1F2,C0DEED,DDEEF6,333333,true,false,true,false,false,false,false,none,,,,,true,0,0,false,false,false,en,,,,,,,,,,,,,,,,,,,,,,,,,,,,,,,,,,,,,,,,,,,,,,,,,,,,,,,,,,,,,,,,,,,,,,,,,,,,,,,,,,,,,,,,,,,,,,,,,,,,,,,,https://t.co/ClP4ZJB75C,https://twitter.com/LotusOak2/status/1317481179344474112,twitter.com/LotusOak2/stat‚Ä¶,207,230,,,,,,1317481179344474000,1317481179344474112,https://t.co/ClP4ZJB75C,https://twitter.com/LotusOak2/status/1317481179344474112,twitter.com/LotusOak2/stat‚Ä¶,,,,,,,,,,,,,,,,,,,,,,,,,,,,
Mon Oct 19 06:38:06 +0000 2020,1318078957774921700,1318078957774921728,"@thisislaurat you and you‚Äôre followers aren‚Äôt Patriots, but more like Racists!
Also the so called replacement does not exist, actually what does exist is depopulation through Abortion which you @thisislaurat you remain silent about! https://t.co/DD2RdRsDZa",false,0,232,,,,,,,,,,,,,,,,,,,,,,,,,,,,,,,,,,,,,,,,,,,,,,,,,,,,,,,,,,,,,,,,,,,,,,,,,,,,,,,,,,,,,,,,,,,,,,,,,,,,"<a href=""http://twitter.com/download/iphone"" rel=""nofollow"">Twitter for iPhone</a>",,,399464246,399464246,thisislaurat,1316651797868679200,1316651797868679168,Ostrich Man Liberator,LiberatorMan,,Here to stop fascists,,false,5,28,0,Thu Oct 15 08:07:26 +0000 2020,2,,,false,false,105,,false,false,false,F5F8FA,,,false,http://abs.twimg.com/sticky/default_profile_images/default_profile_normal.png,https://abs.twimg.com/sticky/default_profile_images/default_profile_normal.png,,,,1DA1F2,C0DEED,DDEEF6,333333,true,true,true,true,false,false,false,none,,,,,true,0,0,false,false,false,en,,,,,,thisislaurat,Laura,399464246,399464246,0,13,thisislaurat,Laura,399464246,399464246,194,207,,,,,,,,,,,,,,,,,,,,,,,,,,,,,,,,,,,,,,,,,,,,,,,,,,,,,,,,,,,,,,,,,,,,,,,,,,,,,,,,,,,,,,,https://t.co/DD2RdRsDZa,https://twitter.com/PatAltScotland/status/1317880808393347072,twitter.com/PatAltScotland‚Ä¶,233,256,,,,,,1317880808393347000,1317880808393347072,https://t.co/DD2RdRsDZa,https://twitter.com/PatAltScotland/status/1317880808393347072,twitter.com/PatAltScotland‚Ä¶,,,,,,,,,,,,,,,,,,,,,,,,,,,,
Mon Oct 19 06:43:13 +0000 2020,1318080244817932300,1318080244817932295,I‚Äôd like everyone to know there is no longer a ‚Äúflu season!‚Äù From here on out Covid is the only reason people will ever get sick again. #COVIDIDIOTS #PlandemicHoax #Plandemic #FauciTheFraud #FauciFraud #BillGatesBioTerrorist #FakeNews #scared #woke #covidisfake,false,0,261,COVIDIDIOTS,136,148,PlandemicHoax,149,163,Plandemic,164,174,FauciTheFraud,175,189,FauciFraud,190,201,BillGatesBioTerrorist,202,224,FakeNews,225,234,scared,235,242,woke,243,248,covidisfake,249,261,,,,,,,,,,,,,,,,,,,,,,,,,,,,,,,,,,,,,,,,,,,,,,,,,,,,,,,,,,,,,,,,,,,,,,"<a href=""http://twitter.com/download/iphone"" rel=""nofollow"">Twitter for iPhone</a>",,,,,,1315501306958606300,1315501306958606336,TopherReim,ReimTopher,,God|Family|üá∫üá∏|üáÆüá±|Patriot|üñïüèæAntifa/BLM üö´DM| üî´ 2A üëÆüèæ‚Äç‚ôÇÔ∏èBackTheBlue FB @DineshDSouza #jiujitsulife,,false,8229,8343,4,Mon Oct 12 03:55:38 +0000 2020,25899,,,true,false,34111,,false,false,false,F5F8FA,,,false,http://pbs.twimg.com/profile_images/1394528196553584644/FKuRyUGo_normal.jpg,https://pbs.twimg.com/profile_images/1394528196553584644/FKuRyUGo_normal.jpg,https://pbs.twimg.com/profile_banners/1315501306958606336/1602572229,,,1DA1F2,C0DEED,DDEEF6,333333,true,true,true,false,false,false,false,none,,,,,false,0,0,false,false,,en,,,,,,,,,,,,,,,,,,,,,,,,,,,,,,,,,,,,,,,,,,,,,,,,,,,,,,,,,,,,,,,,,,,,,,,,,,,,,,,,,,,,,,,,,,,,,,,,,,,,,,,,,,,,,,,,,,,,,,,,,,,,,,,,,,,,,,,,,,,,,,,,,,
Mon Oct 19 06:54:36 +0000 2020,1318083110446063600,1318083110446063616,Putin might need it himself to escape overeating. Mercury for autism in the long run towards the planned events by God of the Bible. https://t.co/rGhjwlTzmv,false,0,132,,,,,,,,,,,,,,,,,,,,,,,,,,,,,,,,,,,,,,,,,,,,,,,,,,,,,,,,,,,,,,,,,,,,,,,,,,,,,,,,,,,,,,,,,,,,,,,,,,,,"<a href=""http://twitter.com/download/android"" rel=""nofollow"">Twitter for Android</a>",,,,,,3013058606,3013058606,Julia Lategra,JulaLategra,San Pedro,Pray in unity it's important. Live godly 2get supernatural answers.What else would u need if u would be as a Bible hero walking with the living GOD through life,,false,65,251,0,Sun Feb 08 05:39:35 +0000 2015,6279,,,false,false,6631,,false,false,false,000000,http://abs.twimg.com/images/themes/theme1/bg.png,https://abs.twimg.com/images/themes/theme1/bg.png,false,http://pbs.twimg.com/profile_images/1272150228821368832/f9r3flk-_normal.jpg,https://pbs.twimg.com/profile_images/1272150228821368832/f9r3flk-_normal.jpg,https://pbs.twimg.com/profile_banners/3013058606/1625591049,,,9266CC,000000,000000,000000,false,false,false,false,false,false,false,none,,,,,true,0,0,false,false,false,en,,,,,,,,,,,,,,,,,,,,,,,,,,,,,,,,,,,,,,,,,,,,,,,,,,,,,,,,,,,,,,,,,,,,,,,,,,,,,,,,,,,,,,,,,,,,,,,,,,,,,,,,https://t.co/rGhjwlTzmv,https://twitter.com/LotusOak2/status/1318056213477818368,twitter.com/LotusOak2/stat‚Ä¶,133,156,,,,,,1318056213477818400,1318056213477818368,https://t.co/rGhjwlTzmv,https://twitter.com/LotusOak2/status/1318056213477818368,twitter.com/LotusOak2/stat‚Ä¶,,,,,,,,,,,,,,,,,,,,,,,,,,,,
Mon Oct 19 06:57:32 +0000 2020,1318083847892816000,1318083847892815872,$5 Detox Offer: Zeolite Clinoptilolite Removes Heavy Metals and Toxins in Just 30 Seconds a Day https://t.co/D2mtWyL7eG,false,0,119,,,,,,,,,,,,,,,,,,,,,,,,,,,,,,,,,,,,,,,,,,,,,,,,,,,,,,,,,,,,,,,,,,,,,,,,,,,,,,,,,,,,,,,,,,,,,,,,,,,,"<a href=""https://mobile.twitter.com"" rel=""nofollow"">Twitter Web App</a>",,,,,,727575469,727575469,Janet Nattress,lymecure,"Saskatchewan,Canada",,,false,174,88,2,Tue Jul 31 04:40:10 +0000 2012,234,,,false,false,577,,false,false,false,C0DEED,http://abs.twimg.com/images/themes/theme1/bg.png,https://abs.twimg.com/images/themes/theme1/bg.png,false,http://pbs.twimg.com/profile_images/3641310024/0cf1b46aa508a878a2d3c4935e1e8b6e_normal.jpeg,https://pbs.twimg.com/profile_images/3641310024/0cf1b46aa508a878a2d3c4935e1e8b6e_normal.jpeg,,,,1DA1F2,C0DEED,DDEEF6,333333,true,false,true,false,false,false,false,none,,,,,false,0,1,false,false,false,en,,,,,,,,,,,,,,,,,,,,,,,,,,,,,,,,,,,,,,,,,,,,,,,,,,,,,,,,,,,,,,,,,,,,,,,,,,,,,,,,,,,,,,,,,,,,,,,,,,,,,,,,https://t.co/D2mtWyL7eG,https://www.stopmandatoryvaccination.com/detoxification/5-detox-offer-zeolite-clinoptilolite-removes-heavy-metals-and-toxins-in-just-30-seconds-a-day/,stopmandatoryvaccination.com/detoxification‚Ä¶,96,119,,,,,,,,,,,,,,,,,,,,,,,,,,,,,,,,,,,,,,
Mon Oct 19 06:45:55 +0000 2020,1318080921397088300,1318080921397088257,"RT @RandomTasha: Actually, I don‚Äôt think ‚Äúworldwide news‚Äù will say a word about this. I‚Äôm surprised Jack hasn't shut this down already!
Wor‚Ä¶",false,0,140,,,,,,,,,,,,,,,,,,,,,,,,,,,,,,,,,,,,,,,,,,,,,,,,,,,,,,,,,,,,,,,,,,,,,,,,,,,,,,,,,,,,,,,,,,,,,,,,,,,,"<a href=""http://twitter.com/download/iphone"" rel=""nofollow"">Twitter for iPhone</a>",,,,,,1613579016,1613579016,Abd√ºlkadir Geylani ≈ûahan,agsahan1,"ƒ∞stanbul, T√ºrkiye",ƒ∞√ß Hastalƒ±klarƒ± Uzm. Dr. Abd√ºlkadir Geylani ≈ûahan                    Memleket sevdalƒ±sƒ±,,false,1711,258,4,Mon Jul 22 20:33:37 +0000 2013,33156,,,true,false,20254,,false,false,false,C0DEED,http://abs.twimg.com/images/themes/theme1/bg.png,https://abs.twimg.com/images/themes/theme1/bg.png,false,http://pbs.twimg.com/profile_images/1441245944117268483/uUEAf4NM_normal.jpg,https://pbs.twimg.com/profile_images/1441245944117268483/uUEAf4NM_normal.jpg,,,,1DA1F2,C0DEED,DDEEF6,333333,true,false,true,false,false,false,false,none,,,,,true,3,0,false,false,,en,,,,,,RandomTasha,Tasha,1247150154920145000,1247150154920144906,3,15,,,,,,,,,,,,,,,,,,,,,,Mon Oct 19 06:23:01 +0000 2020,1318075162206625800,1318075162206625794,"Actually, I don‚Äôt think ‚Äúworldwide news‚Äù will say a word about this. I‚Äôm surprised Jack hasn't shut this down already!
World Doctors Alliance - https://t.co/TVz0u05zeo - the truth and hopefully the light to end this #scamdemic2020 
#COVID19 #PlandemicHoax #BillGatesBioTerrorist # https://t.co/x526er1WGP",false,0,280,"<a href=""https://mobile.twitter.com"" rel=""nofollow"">Twitter Web App</a>",,,,,,1247150154920145000,1247150154920144906,Tasha,RandomTasha,,"Sometimes I sit and think, and sometimes I just sit. 
I don‚Äôt want you to think like me - I just want you to think!",,,,,,,false,144,217,0,Mon Apr 06 13:12:46 +0000 2020,4776,,,false,false,3104,,false,false,false,F5F8FA,,,false,http://pbs.twimg.com/profile_images/1247158178661318670/00qSbB2t_normal.jpg,https://pbs.twimg.com/profile_images/1247158178661318670/00qSbB2t_normal.jpg,https://pbs.twimg.com/profile_banners/1247150154920144906/1589720162,,,1DA1F2,C0DEED,DDEEF6,333333,true,false,true,false,false,false,false,none,,,,,true,3,2,false,false,en,,,,,,,,,,,1316778274983420000,1316778274983419904,https://t.co/x526er1WGP,https://twitter.com/EatlovePray11/status/1316778274983419904,twitter.com/EatlovePray11/‚Ä¶,scamdemic2020,216,230,COVID19,232,240,PlandemicHoax,241,255,BillGatesBioTerrorist,256,278,https://t.co/TVz0u05zeo,http://acu2020.org,acu2020.org,144,167,https://t.co/x526er1WGP,https://twitter.com/EatlovePray11/status/1316778274983419904,twitter.com/EatlovePray11/‚Ä¶,281,304,1316778274983420000,1316778274983419904,https://t.co/x526er1WGP,https://twitter.com/EatlovePray11/status/1316778274983419904,twitter.com/EatlovePray11/‚Ä¶,false
Mon Oct 19 06:49:42 +0000 2020,1318081875097866200,1318081875097866241,#VaccinesAreNotTheAnswer https://t.co/vAJQmPLlKX,false,0,24,VaccinesAreNotTheAnswer,0,24,,,,,,,,,,,,,,,,,,,,,,,,,,,,,,,,,,,,,,,,,,,,,,,,,,,,,,,,,,,,,,,,,,,,,,,,,,,,,,,,,,,,,,,,,,,,,,,,,"<a href=""http://twitter.com/download/iphone"" rel=""nofollow"">Twitter for iPhone</a>",,,,,,1244314767260598300,1244314767260598274,Liek76,Liek761,,Op onderzoek,,false,36,93,0,Sun Mar 29 17:25:49 +0000 2020,1492,,,false,false,1068,,false,false,false,F5F8FA,,,false,http://pbs.twimg.com/profile_images/1422639897861672962/AE6QBQ1S_normal.jpg,https://pbs.twimg.com/profile_images/1422639897861672962/AE6QBQ1S_normal.jpg,https://pbs.twimg.com/profile_banners/1244314767260598274/1628018759,,,1DA1F2,C0DEED,DDEEF6,333333,true,false,true,false,false,false,false,none,,,,,true,0,0,false,false,false,und,,,,,,,,,,,,,,,,,,,,,,,,,,,,,,,,,,,,,,,,,,,,,,,,,,,,,,,,,,,,,,,,,,,,,,,,,,,,,,,,,,,,,,,,,,,,,,,,,,,,,,,,https://t.co/vAJQmPLlKX,https://twitter.com/ValiantThor12/status/1317502130136244224,twitter.com/ValiantThor12/‚Ä¶,25,48,,,,,,1317502130136244200,1317502130136244224,https://t.co/vAJQmPLlKX,https://twitter.com/ValiantThor12/status/1317502130136244224,twitter.com/ValiantThor12/‚Ä¶,,,,,,,,,,,,,,,,,,,,,,,,,,,,
